universita degli studi di bologna,university bologna
universita degli studi di roma la sapienza,sapienza university rome
politecnico di milano,polytechnic university milan
universita degli studi di pisa,university pisa
universita degli studi di milano,university milan
universita degli studi di padova,university padua
universita degli studi di torino,university turin
universita degli studi di genova,university genoa
universita degli studi di firenze,university florence
politecnico di torino,polytechnic university turin
universita degli studi di napoli federico ii,federico ii university naples
universita degli studi roma tre,roma tre university
universita ca foscari di venezia,ca foscari university venice
universita degli studi di trento,university trento
universita cattolica del sacro cuore,catholic university the sacred heart
universita degli studi di siena,university siena
universita degli studi di catania,university catania
universita degli studi di roma tor vergata,university rome tor vergata
universita degli studi di milano bicocca,university milano bicocca
universita degli studi di salerno,university salerno
universita degli studi di parma,university parma
universita degli studi di bari,university bari
universita degli studi di udine,university udine
universita degli studi di trieste,university trieste
universita degli studi di perugia,university perugia
universita commerciale luigi bocconi,bocconi university
universita degli studi di verona,university verona
universita degli studi di palermo,university palermo
universita della calabria,university calabria
universita degli studi di brescia,university brescia
universita degli studi di cagliari,university cagliari
universita degli studi di ferrara,university ferrara
universita degli studi di modena e reggio emilia,university modena and reggio emilia
universita degli studi di sassari,university sassari
scuola superiore sant anna di studi universitari e di perfezionamento,sant anna school advanced studies
libera universita internazionale degli studi sociali guido carli,luiss university
scuola internazionale superiore di studi avanzati,international school for advanced studies
libera universita di bolzano,free university bozen
scuola normale superiore di pisa,normal school pisa
universita politecnica delle marche,polytechnical university marche
universita degli studi dell aquila,university aquila
universita degli studi di urbino,university urbino
universita degli studi g d annunzio chieti e pescara,g d annunzio university chieti
universita degli studi di bergamo,university bergamo
universita iuav di venezia,iuav university venice
universita degli studi di pavia,university pavia
universita del salento,university salento
seconda universita degli studi di napoli,university naples ii
universita per stranieri di siena,university italian studies for foreigners siena
universita degli studi di messina,university messina
universita degli studi di macerata,university macerata
universita degli studi di foggia,university foggia
universita degli studi di napoli l orientale,university naples l orientale
libera universita di lingue e comunicazione iulm,iulm university
universita degli studi di camerino,university camerino
universita degli studi di cassino e del lazio meridionale,university cassino and southern lazio
universita degli studi della tuscia,university tuscia
politecnico di bari,polytechnic institute bari
universita degli studi dell insubria,university insubria
universita carlo cattaneo,carlo cattaneo university
universita degli studi del piemonte orientale amedeo avogadro,amedeo avogadro university eastern piedmont
universita lum jean monnet,lum jean monnet university
universita degli studi del sannio,university sannio
universita degli studi di napoli parthenope,parthenope university naples
universita mediterranea di reggio calabria,mediterranean university reggio calabria
universita degli studi della basilicata,basilicata university
libera universita maria ss assunta,maria santissima assunta free university
universita degli studi di teramo,university teramo
universita degli studi del molise,university molise
universita per stranieri di perugia,university italian studies for foreigners perugia
universita campus bio medico di roma,campus bio medico university rome
universita degli studi di scienze gastronomiche,university gastronomic sciences
universita degli studi suor orsola benincasa,suor orsola benincasa university naples
universita degli studi di roma foro italico,foro italico university rome
universita degli studi magna graecia di catanzaro,university catanzaro
universita degli studi di enna kore,kore university enna
universita vita salute san raffaele,vita salute san raffaele university
universita degli studi internazionali di roma,university international studies rome
universita della valle d aosta,university aosta valley
universita europea di roma,european university rome
universita pontificia salesiana,salesian pontifical university
istituto italiano di scienze umane,italian institute human sciences
pontificio istituto di archeologia cristiana,pontifical institute christian archaeology
